,residue,A9_type,A9_rate,A9_err,M63F_type,M63F_rate,M63F_err
0,5,fast,0.0,0.0,fast,0.0,0.0
1,6,fast,0.0,0.0,fast,0.0,0.0
2,7,fast,0.0,0.0,fast,0.0,0.0
3,8,fast,0.0,0.0,fast,0.0,0.0
4,9,exponential,0.0006263748351785763,4.3469574524820445e-05,exponential,0.0002113121347350762,2.0726555195568187e-05
5,10,fast,0.0,0.0,exponential,0.0007656390163586157,4.5898060861435297e-05
6,11,exponential,0.0007398627224992878,3.962438513397514e-05,exponential,0.00020491784036387323,1.8893810662684482e-05
7,12,exponential,1.6512572398993916e-05,4.305978087110543e-06,exponential,4.600200268949896e-06,1.8531595661437074e-06
8,13,exponential,0.00022483775867709194,3.994385689131287e-05,exponential,0.00011487391422175612,8.048618090320326e-06
9,14,fast,0.0,0.0,exponential,0.001640501210659601,0.00023813402907827015
10,15,exponential,1.4607942426132953e-05,1.134229585663389e-06,exponential,3.3587682617664444e-06,6.036204681113588e-07
11,16,fast,0.0,0.0,fast,0.0,0.0
12,17,exponential,0.0013791204353278813,0.0001408399831350411,exponential,0.0008207940799866347,6.412144293289176e-05
13,18,fast,0.0,0.0,fast,0.0,0.0
14,19,exponential,3.263948969875714e-06,1.451227436713228e-06,slow,0.0,0.0
15,20,exponential,0.0004181812178405786,4.355761260386908e-05,exponential,8.910713484394914e-05,8.925889080864347e-06
16,21,exponential,0.0003318809854887433,2.567012109495928e-05,exponential,1.0165783728556569e-05,9.723779534357199e-07
17,22,exponential,0.0014519240638321174,0.0002135315352339351,slow,0.0,0.0
18,23,fast,0.0,0.0,exponential,1.5682075256894337e-05,1.6551844077669713e-06
19,24,fast,0.0,0.0,exponential,1.9259805546467723e-05,4.794542541971637e-06
20,25,,,,exponential,0.00011966687963943562,1.5384525644307575e-05
21,26,fast,0.0,0.0,fast,0.0,0.0
22,30,fast,0.0,0.0,fast,0.0,0.0
23,31,fast,0.0,0.0,exponential,2.3226331511971765e-05,1.3214329489351026e-06
24,32,fast,0.0,0.0,exponential,9.319083791349173e-06,7.787561164588564e-07
25,33,fast,0.0,0.0,exponential,2.3027135540207403e-05,1.49951189708664e-06
26,34,fast,0.0,0.0,fast,0.0,0.0
27,35,fast,0.0,0.0,fast,0.0,0.0
28,36,fast,0.0,0.0,fast,0.0,0.0
29,37,fast,0.0,0.0,exponential,8.167223402271529e-06,5.592884093473017e-07
30,38,exponential,0.0010379994715499783,9.648164367480566e-05,exponential,1.6492078401918308e-06,5.795133104371058e-07
31,39,exponential,0.000567262270113825,3.260526194765305e-05,exponential,6.049988520282652e-06,2.388075070112467e-07
32,40,exponential,0.00015100960355083042,1.6261606444737048e-05,slow,0.0,0.0
33,41,exponential,2.617694431288769e-05,3.105581366788305e-06,slow,0.0,0.0
34,42,exponential,0.00037558290734360304,4.444451217436236e-05,slow,0.0,0.0
35,43,fast,0.0,0.0,exponential,0.0007225967061465883,5.8200147402993516e-05
36,44,fast,0.0,0.0,exponential,0.000765140274431863,5.344328484280811e-05
37,45,exponential,0.00033728083416263905,2.8022407408973006e-05,fast,0.0,0.0
38,46,fast,0.0,0.0,fast,0.0,0.0
39,47,fast,0.0,0.0,fast,0.0,0.0
40,48,fast,0.0,0.0,fast,0.0,0.0
41,49,fast,0.0,0.0,fast,0.0,0.0
42,50,fast,0.0,0.0,fast,0.0,0.0
43,51,fast,0.0,0.0,fast,0.0,0.0
44,52,fast,0.0,0.0,fast,0.0,0.0
45,53,fast,0.0,0.0,fast,0.0,0.0
46,54,fast,0.0,0.0,fast,0.0,0.0
47,55,fast,0.0,0.0,fast,0.0,0.0
48,57,fast,0.0,0.0,fast,0.0,0.0
49,58,fast,0.0,0.0,fast,0.0,0.0
50,59,fast,0.0,0.0,fast,0.0,0.0
51,60,fast,0.0,0.0,fast,0.0,0.0
52,61,fast,0.0,0.0,fast,0.0,0.0
53,62,fast,0.0,0.0,exponential,0.0013417673024735113,0.00022243984528670993
54,63,fast,0.0,0.0,fast,0.0,0.0
55,64,fast,0.0,0.0,exponential,2.437947165090091e-05,1.4652689332156093e-06
56,65,fast,0.0,0.0,exponential,6.48715592704568e-05,4.371299558549091e-06
57,66,exponential,0.0006341157655448169,4.10899573479506e-05,slow,0.0,0.0
58,67,fast,0.0,0.0,exponential,1.531605391211209e-05,1.044573903733362e-06
59,68,fast,0.0,0.0,exponential,0.00011596143749588319,4.117150512644124e-06
60,69,fast,0.0,0.0,fast,0.0,0.0
61,70,fast,0.0,0.0,fast,0.0,0.0
62,71,fast,0.0,0.0,exponential,1.7110475403020407e-05,1.0925474868773885e-06
63,72,fast,0.0,0.0,exponential,1.4394513188000551e-05,1.8266423015357054e-06
64,73,fast,0.0,0.0,exponential,1.0937749328774948e-05,5.447992470714938e-07
65,74,fast,0.0,0.0,exponential,3.92238403101358e-06,7.519135436416414e-07
66,75,exponential,0.00011163584362672616,2.771506687968747e-05,exponential,8.035105096636965e-06,1.0248056625932362e-06
67,76,fast,0.0,0.0,fast,0.0,0.0
68,77,fast,0.0,0.0,fast,0.0,0.0
69,78,exponential,2.409128719836449e-05,1.8614214089837356e-06,slow,0.0,0.0
70,79,fast,0.0,0.0,fast,0.0,0.0
71,80,,,,fast,0.0,0.0
72,81,exponential,2.1378411165457697e-05,2.20378472606326e-06,exponential,1.418738519285871e-05,5.80722415378477e-07
73,82,slow,0.0,0.0,slow,0.0,0.0
74,83,slow,0.0,0.0,slow,0.0,0.0
75,84,exponential,0.0008950686099966736,6.744733676241158e-05,fast,0.0,0.0
76,85,fast,0.0,0.0,exponential,0.001074297522585538,0.0001084703716634742
77,86,fast,0.0,0.0,fast,0.0,0.0
78,87,fast,0.0,0.0,fast,0.0,0.0
79,88,fast,0.0,0.0,fast,0.0,0.0
80,89,fast,0.0,0.0,fast,0.0,0.0
81,90,fast,0.0,0.0,,,
82,93,fast,0.0,0.0,fast,0.0,0.0
83,94,fast,0.0,0.0,fast,0.0,0.0
84,96,fast,0.0,0.0,fast,0.0,0.0
85,97,fast,0.0,0.0,fast,0.0,0.0
86,98,fast,0.0,0.0,fast,0.0,0.0
87,99,fast,0.0,0.0,fast,0.0,0.0
88,100,fast,0.0,0.0,fast,0.0,0.0
89,102,fast,0.0,0.0,fast,0.0,0.0
90,103,fast,0.0,0.0,,,
91,108,fast,0.0,0.0,fast,0.0,0.0
92,109,fast,0.0,0.0,fast,0.0,0.0
93,110,fast,0.0,0.0,fast,0.0,0.0
94,111,fast,0.0,0.0,fast,0.0,0.0
95,112,fast,0.0,0.0,fast,0.0,0.0
96,113,fast,0.0,0.0,fast,0.0,0.0
